Id,ActivityDate,TotalSteps,TotalDistance,Calories
2022484408,04-12-2024,13162,8.500,1985
2022484408,4/13/2024,10735,6.970,1797
2022484408,4/14/2024,10460,6.740,1776
2022484408,4/15/2024,9762,6.280,1745
2022484408,4/16/2024,12669,8.160,1863
2022484408,4/17/2024,9705,6.480,1728
2022484408,4/18/2024,13019,8.590,1921
2022484408,4/19/2024,15506,9.880,2035
2022484408,4/20/2024,10544,6.680,1786
2022484408,4/21/2024,9819,6.340,1775
2022484408,4/22/2024,12764,8.130,1827
2022484408,4/23/2024,14371,9.040,1949
2022484408,4/24/2024,10039,6.410,1788
2022484408,4/25/2024,15355,9.800,2013
2022484408,4/26/2024,13755,8.790,1970
2022484408,4/27/2024,18134,12.210,2159
2022484408,4/28/2024,13154,8.530,1898
2022484408,4/29/2024,11181,7.150,1837
2022484408,4/30/2024,14673,9.250,1947
2022484408,05-01-2024,10602,6.810,1820
2022484408,05-02-2024,14727,9.710,2004
2022484408,05-03-2024,15103,9.660,1990
2022484408,05-04-2024,11100,7.150,1819
2022484408,05-05-2024,14070,8.900,1959
2022484408,05-06-2024,12159,8.030,1896
2022484408,05-07-2024,11992,7.710,1821
2022484408,05-08-2024,10060,6.580,1740
2022484408,05-09-2024,12022,7.720,1819
2022484408,05-10-2024,12207,7.770,1859
2022484408,05-11-2024,12770,8.130,1783
2022484408,05-12-2024,0,0.000,0
2022484408,04-12-2024,8163,5.310,1432
2022484408,4/13/2024,7007,4.550,1411
2022484408,4/14/2024,9107,5.920,1572
2022484408,4/15/2024,1510,0.980,1344
2022484408,4/16/2024,5370,3.490,1463
2022484408,4/17/2024,6175,4.060,1554
2022484408,4/18/2024,10536,7.410,1604
2022484408,4/19/2024,2916,1.900,1435
2022484408,4/20/2024,4974,3.230,1446
2022484408,4/21/2024,6349,4.130,1467
2022484408,4/22/2024,4026,2.620,1470
2022484408,4/23/2024,8538,5.550,1562
2022484408,4/24/2024,6076,3.950,1617
2022484408,4/25/2024,6497,4.220,1492
2022484408,4/26/2024,2826,1.840,1402
2022484408,4/27/2024,8367,5.440,1670
2022484408,4/28/2024,2759,1.790,1401
2022484408,4/29/2024,2390,1.550,1404
2022484408,4/30/2024,6474,4.300,1655
2022484408,05-01-2024,36019,28.030,2690
2022484408,05-02-2024,7155,4.930,1497
2022484408,05-03-2024,2100,1.370,1334
2022484408,05-04-2024,2193,1.430,1368
2022484408,05-05-2024,2470,1.610,1370
2022484408,05-06-2024,1727,1.120,1341
2022484408,05-07-2024,2104,1.370,1474
2022484408,05-08-2024,3427,2.230,1427
2022484408,05-09-2024,1732,1.130,1328
2022484408,05-10-2024,2969,1.930,1393
2022484408,05-11-2024,3134,2.040,1359
2022484408,05-12-2024,2971,1.930,1002
2022484408,04-12-2024,10694,7.770,3199
2022484408,4/13/2024,8001,5.820,2902
2022484408,4/14/2024,11037,8.020,3226
2022484408,4/15/2024,5263,3.830,2750
2022484408,4/16/2024,15300,11.120,3493
2022484408,4/17/2024,8757,6.370,3011
2022484408,4/18/2024,7132,5.190,2806
2022484408,4/19/2024,11256,8.180,3300
2022484408,4/20/2024,2436,1.770,2430
2022484408,4/21/2024,1223,0.890,2140
2022484408,4/22/2024,3673,2.670,2344
2022484408,4/23/2024,6637,4.830,2677
2022484408,4/24/2024,3321,2.410,2413
2022484408,4/25/2024,3580,2.600,2497
2022484408,4/26/2024,9919,7.210,3123
2022484408,4/27/2024,3032,2.200,2489
2022484408,4/28/2024,9405,6.840,3108
2022484408,4/29/2024,3176,2.310,2498
2022484408,4/30/2024,18213,13.240,3846
2022484408,05-01-2024,6132,4.460,2696
2022484408,05-02-2024,3758,2.730,2580
2022484408,05-03-2024,12850,9.340,3324
2022484408,05-04-2024,2309,1.680,2222
2022484408,05-05-2024,4363,3.190,2463
2022484408,05-06-2024,9787,7.120,3328
2022484408,05-07-2024,13372,9.720,3404
2022484408,05-08-2024,6724,4.890,2987
2022484408,05-09-2024,6643,4.830,3008
2022484408,05-10-2024,9167,6.660,2799
2022484408,05-11-2024,1329,0.970,1276
2022484408,04-12-2024,6697,4.430,2030
2022484408,4/13/2024,4929,3.260,1860
2022484408,4/14/2024,7937,5.250,2130
2022484408,4/15/2024,3844,2.540,1725
2022484408,4/16/2024,3414,2.260,1657
2022484408,4/17/2024,4525,2.990,1793
2022484408,4/18/2024,4597,3.040,1814
2022484408,4/19/2024,197,0.130,1366
2022484408,4/20/2024,8,0.010,1349
2022484408,4/21/2024,8054,5.320,2062
2022484408,4/22/2024,5372,3.550,1827
2022484408,4/23/2024,3570,2.360,1645
2022484408,4/24/2024,0,0.000,1347
2022484408,4/25/2024,0,0.000,1347
2022484408,4/26/2024,0,0.000,1347
2022484408,4/27/2024,4,0.000,1348
2022484408,4/28/2024,6907,4.570,1992
2022484408,4/29/2024,4920,3.250,1856
2022484408,4/30/2024,4014,2.670,1763
2022484408,05-01-2024,2573,1.700,1541
2022484408,05-02-2024,0,0.000,1348
2022484408,05-03-2024,4059,2.680,1742
2022484408,05-04-2024,2080,1.370,1549
2022484408,05-05-2024,2237,1.480,1589
2022484408,05-06-2024,44,0.030,1351
2022484408,05-07-2024,0,0.000,1347
2022484408,05-08-2024,0,0.000,1347
2022484408,05-09-2024,0,0.000,1347
2022484408,05-10-2024,0,0.000,1347
2022484408,05-11-2024,0,0.000,1347
2022484408,05-12-2024,0,0.000,665
2022484408,04-12-2024,678,0.470,2220
2022484408,4/13/2024,356,0.250,2151
2022484408,4/14/2024,2163,1.500,2383
2022484408,4/15/2024,980,0.680,2221
2022484408,4/16/2024,0,0.000,2064
2022484408,4/17/2024,0,0.000,2063
2022484408,4/18/2024,244,0.170,2111
2022484408,4/19/2024,0,0.000,2063
2022484408,4/20/2024,0,0.000,2063
2022484408,4/21/2024,0,0.000,2064
2022484408,4/22/2024,149,0.100,2093
2022484408,4/23/2024,2945,2.040,2499
2022484408,4/24/2024,2090,1.450,2324
2022484408,4/25/2024,152,0.110,2100
2022484408,4/26/2024,3761,2.600,2638
2022484408,4/27/2024,0,0.000,2063
2022484408,4/28/2024,1675,1.160,2351
2022484408,4/29/2024,0,0.000,2063
2022484408,4/30/2024,0,0.000,2064
2022484408,05-01-2024,2704,1.870,2411
2022484408,05-02-2024,3790,2.620,2505
2022484408,05-03-2024,1326,0.920,2195
2022484408,05-04-2024,1786,1.240,2338
2022484408,05-05-2024,0,0.000,2063
2022484408,05-06-2024,2091,1.450,2383
2022484408,05-07-2024,1510,1.040,2229
2022484408,05-08-2024,0,0.000,2063
2022484408,05-09-2024,0,0.000,2063
2022484408,05-10-2024,0,0.000,2063
2022484408,05-11-2024,0,0.000,2063
2022484408,05-12-2024,0,0.000,1383
2022484408,04-12-2024,11875,8.340,2390
2022484408,4/13/2024,12024,8.500,2601
2022484408,4/14/2024,10690,7.500,2312
2022484408,4/15/2024,11034,8.030,2525
2022484408,4/16/2024,10100,7.090,2177
2022484408,4/17/2024,15112,11.400,2782
2022484408,4/18/2024,14131,10.070,2770
2022484408,4/19/2024,11548,8.530,2489
2022484408,4/20/2024,15112,10.670,2897
2022484408,4/21/2024,12453,8.740,3158
2022484408,4/22/2024,12954,9.330,2638
2022484408,4/23/2024,6001,4.210,2069
2022484408,4/24/2024,13481,10.280,2529
2022484408,4/25/2024,11369,8.010,2470
2022484408,4/26/2024,10119,7.190,2793
2022484408,4/27/2024,10159,7.130,2463
2022484408,4/28/2024,10140,7.120,2296
2022484408,4/29/2024,10245,7.190,2611
2022484408,4/30/2024,18387,12.910,2732
2022484408,05-01-2024,10538,7.400,2380
2022484408,05-02-2024,10379,7.290,2473
2022484408,05-03-2024,12183,8.740,2752
2022484408,05-04-2024,11768,8.290,2649
2022484408,05-05-2024,11895,8.350,2609
2022484408,05-06-2024,10227,7.180,2498
2022484408,05-07-2024,6708,4.710,1995
2022484408,05-08-2024,3292,2.310,1848
2022484408,05-09-2024,13379,9.390,2709
2022484408,05-10-2024,12798,8.980,2797
2022484408,05-11-2024,13272,9.320,2544
2022484408,05-12-2024,9117,6.410,1853
2022484408,04-12-2024,4414,2.740,1459
2022484408,4/13/2024,4993,3.100,1521
2022484408,4/14/2024,3335,2.070,1431
2022484408,4/15/2024,3821,2.370,1444
2022484408,4/16/2024,2547,1.580,1373
2022484408,4/17/2024,838,0.520,1214
2022484408,4/18/2024,3325,2.060,1419
2022484408,4/19/2024,2424,1.500,1356
2022484408,4/20/2024,7222,4.480,1667
2022484408,4/21/2024,2467,1.530,1370
2022484408,4/22/2024,2915,1.810,1399
2022484408,4/23/2024,12357,7.710,1916
2022484408,4/24/2024,3490,2.160,1401
2022484408,4/25/2024,6017,3.730,1576
2022484408,4/26/2024,5933,3.680,1595
2022484408,4/27/2024,6088,3.770,1593
2022484408,4/28/2024,6375,3.950,1649
2022484408,4/29/2024,7604,4.710,1692
2022484408,4/30/2024,4729,2.930,1506
2022484408,05-01-2024,3609,2.280,1447
2022484408,05-02-2024,7018,4.350,1690
2022484408,05-03-2024,5992,3.720,1604
2022484408,05-04-2024,6564,4.070,1658
2022484408,05-05-2024,12167,7.540,1926
2022484408,05-06-2024,8198,5.080,1736
2022484408,05-07-2024,4193,2.600,1491
2022484408,05-08-2024,5528,3.450,1555
2022484408,05-09-2024,10685,6.620,1869
2022484408,05-10-2024,254,0.160,1141
2022484408,05-11-2024,8580,5.320,1698
2022484408,05-12-2024,8891,5.510,1364
2022484408,04-12-2024,10725,7.490,2124
2022484408,4/13/2024,7275,4.900,2003
2022484408,4/14/2024,3973,2.680,1696
2022484408,4/15/2024,5205,3.510,1801
2022484408,4/16/2024,5057,3.410,1724
2022484408,4/17/2024,6198,4.180,1852
2022484408,4/18/2024,6559,4.420,1905
2022484408,4/19/2024,5997,4.040,1811
2022484408,4/20/2024,7192,4.850,1922
2022484408,4/21/2024,3404,2.290,1610
2022484408,4/22/2024,5583,3.760,1851
2022484408,4/23/2024,5079,3.420,1804
2022484408,4/24/2024,4165,2.810,1725
2022484408,4/25/2024,3588,2.420,1654
2022484408,4/26/2024,3409,2.300,1632
2022484408,4/27/2024,1715,1.160,1481
2022484408,4/28/2024,1532,1.030,1473
2022484408,4/29/2024,924,0.620,1410
2022484408,4/30/2024,4571,3.080,1779
2022484408,05-01-2024,772,0.520,1403
2022484408,05-02-2024,3634,2.450,1613
2022484408,05-03-2024,7443,5.020,1878
2022484408,05-04-2024,1201,0.810,1426
2022484408,05-05-2024,5202,3.510,1780
2022484408,05-06-2024,4878,3.290,1742
2022484408,05-07-2024,7379,4.970,1972
2022484408,05-08-2024,5161,3.480,1821
2022484408,05-09-2024,3090,2.080,1630
2022484408,05-10-2024,6227,4.200,1899
2022484408,05-11-2024,6424,4.330,1903
2022484408,05-12-2024,2661,1.790,1125
2022484408,04-12-2024,10113,6.830,2344
2022484408,4/13/2024,10352,7.010,2038
2022484408,4/14/2024,10129,6.700,2010
2022484408,4/15/2024,10465,6.920,2133
2022484408,4/16/2024,22244,15.080,2670
2022484408,4/17/2024,5472,3.620,1882
2022484408,4/18/2024,8247,5.450,1944
2022484408,4/19/2024,6711,4.440,2346
2022484408,4/20/2024,10999,7.270,2198
2022484408,4/21/2024,10080,6.750,2048
2022484408,4/22/2024,7804,5.160,1946
2022484408,4/23/2024,16901,11.370,2629
2022484408,4/24/2024,9471,6.260,2187
2022484408,4/25/2024,9482,6.380,2095
2022484408,4/26/2024,5980,3.950,1861
2022484408,4/27/2024,11423,7.580,2194
2022484408,4/28/2024,5439,3.600,1854
2022484408,4/29/2024,42,0.030,403
2022484408,04-12-2024,8796,5.910,1982
2022484408,4/13/2024,7618,5.120,2004
2022484408,4/14/2024,7910,5.320,1893
2022484408,4/15/2024,8482,5.700,2063
2022484408,4/16/2024,9685,6.650,2148
2022484408,4/17/2024,2524,1.700,1529
2022484408,4/18/2024,7762,5.240,1890
2022484408,4/19/2024,7948,5.370,1956
2022484408,4/20/2024,9202,6.300,2094
2022484408,4/21/2024,8859,5.980,1970
2022484408,4/22/2024,7286,4.900,2241
2022484408,4/23/2024,9317,6.350,2021
2022484408,4/24/2024,6873,4.680,1898
2022484408,4/25/2024,7373,4.950,1907
2022484408,4/26/2024,8242,5.540,1882
2022484408,4/27/2024,3516,2.360,1966
2022484408,4/28/2024,7913,5.410,1835
2022484408,4/29/2024,7365,4.950,1780
2022484408,4/30/2024,8452,5.680,1830
2022484408,05-01-2024,7399,4.970,1739
2022484408,05-02-2024,7525,5.060,1878
2022484408,05-03-2024,7412,4.980,1906
2022484408,05-04-2024,8278,5.560,2015
2022484408,05-05-2024,8314,5.610,1971
2022484408,05-06-2024,7063,4.750,1910
2022484408,05-07-2024,4940,3.380,1897
2022484408,05-08-2024,8168,5.540,2096
2022484408,05-09-2024,7726,5.190,1906
2022484408,05-10-2024,8275,5.560,1962
2022484408,05-11-2024,6440,4.330,1826
2022484408,05-12-2024,7566,5.110,1431
2022484408,04-12-2024,4747,3.240,1788
2022484408,4/13/2024,9715,6.630,2093
2022484408,4/14/2024,8844,6.030,2065
2022484408,4/15/2024,7451,5.080,1908
2022484408,4/16/2024,6905,4.730,1908
2022484408,4/17/2024,8199,5.880,1964
2022484408,4/18/2024,6798,4.640,2014
2022484408,4/19/2024,7711,5.260,1985
2022484408,4/20/2024,4880,3.330,1867
2022484408,4/21/2024,8857,6.070,2124
2022484408,4/22/2024,3843,2.620,1669
2022484408,4/23/2024,7396,5.070,1995
2022484408,4/24/2024,6731,4.590,1921
2022484408,4/25/2024,5995,4.090,2010
2022484408,4/26/2024,8283,5.790,2057
2022484408,4/27/2024,7904,5.420,2095
2022484408,4/28/2024,5512,3.760,1972
2022484408,4/29/2024,9135,6.230,2044
2022484408,4/30/2024,5250,3.580,1946
2022484408,05-01-2024,3077,2.100,1237
2022484408,04-12-2024,8856,5.980,1450
2022484408,4/13/2024,10035,6.710,1495
2022484408,4/14/2024,7641,5.110,1433
2022484408,4/15/2024,9010,6.060,1468
2022484408,4/16/2024,13459,9.000,1625
2022484408,4/17/2024,10415,6.970,1529
2022484408,4/18/2024,11663,7.800,1584
2022484408,4/19/2024,12414,8.780,1638
2022484408,4/20/2024,11658,7.830,1554
2022484408,4/21/2024,6093,4.080,1397
2022484408,4/22/2024,8911,5.960,1481
2022484408,4/23/2024,12058,8.070,1638
2022484408,4/24/2024,14112,10.000,1655
2022484408,4/25/2024,11177,8.480,1570
2022484408,4/26/2024,11388,7.620,1551
2022484408,4/27/2024,7193,5.040,1377
2022484408,4/28/2024,7114,4.880,1407
2022484408,4/29/2024,10645,7.750,1545
2022484408,4/30/2024,13238,9.200,1650
2022484408,05-01-2024,10414,7.070,1501
2022484408,05-02-2024,16520,11.050,1760
2022484408,05-03-2024,14335,9.590,1710
2022484408,05-04-2024,13559,9.440,1628
2022484408,05-05-2024,12312,8.580,1618
2022484408,05-06-2024,11677,8.280,1590
2022484408,05-07-2024,11550,7.730,1574
2022484408,05-08-2024,13585,9.090,1633
2022484408,05-09-2024,14687,10.080,1667
2022484408,05-10-2024,13072,8.780,1630
2022484408,05-11-2024,746,0.500,52
2022484408,04-12-2024,8539,6.120,3654
2022484408,4/13/2024,0,0.000,1981
2022484408,4/14/2024,108,0.080,2011
2022484408,4/15/2024,1882,1.350,2951
2022484408,4/16/2024,1982,1.420,3051
2022484408,4/17/2024,16,0.010,1990
2022484408,4/18/2024,62,0.040,1995
2022484408,4/19/2024,0,0.000,1980
2022484408,4/20/2024,0,0.000,1980
2022484408,4/21/2024,0,0.000,1980
2022484408,4/22/2024,0,0.000,1980
2022484408,4/23/2024,0,0.000,1980
2022484408,4/24/2024,0,0.000,1980
2022484408,4/25/2024,0,0.000,1980
2022484408,4/26/2024,0,0.000,1980
2022484408,4/27/2024,0,0.000,1980
2022484408,4/28/2024,0,0.000,1980
2022484408,4/29/2024,0,0.000,1980
2022484408,4/30/2024,0,0.000,1980
2022484408,05-01-2024,0,0.000,1980
2022484408,05-02-2024,475,0.340,2207
2022484408,05-03-2024,4496,3.220,2828
2022484408,05-04-2024,10252,7.350,3879
2022484408,05-05-2024,11728,8.430,3429
2022484408,05-06-2024,4369,3.130,2704
2022484408,05-07-2024,6132,4.400,2975
2022484408,05-08-2024,5862,4.200,3089
2022484408,05-09-2024,4556,3.270,2785
2022484408,05-10-2024,5546,3.980,2926
2022484408,05-11-2024,3689,2.650,2645
2022484408,05-12-2024,590,0.420,1120
2022484408,04-12-2024,5394,4.030,2286
2022484408,4/13/2024,5974,4.470,2306
2022484408,4/14/2024,0,0.000,1776
2022484408,4/15/2024,3984,2.950,1527
2022484408,04-12-2024,7753,5.200,2115
2022484408,4/13/2024,8204,5.500,2135
2022484408,4/14/2024,10210,6.880,2302
2022484408,4/15/2024,5664,3.800,1985
2022484408,4/16/2024,4744,3.180,1884
2022484408,4/17/2024,29,0.020,1464
2022484408,4/18/2024,2276,1.550,1632
2022484408,4/19/2024,8925,5.990,2200
2022484408,4/20/2024,8954,6.010,2220
2022484408,4/21/2024,3702,2.480,1792
2022484408,4/22/2024,4500,3.020,1886
2022484408,4/23/2024,4935,3.310,1945
2022484408,4/24/2024,4081,2.740,1880
2022484408,4/25/2024,9259,6.210,2314
2022484408,4/26/2024,9899,6.640,2236
2022484408,4/27/2024,10780,7.230,2324
2022484408,4/28/2024,10817,7.280,2367
2022484408,4/29/2024,7990,5.360,2175
2022484408,4/30/2024,8221,5.520,2092
2022484408,05-01-2024,1251,0.840,1593
2022484408,05-02-2024,9261,6.240,2270
2022484408,05-03-2024,9648,6.470,2235
2022484408,05-04-2024,10429,7.020,2282
2022484408,05-05-2024,13658,9.490,2530
2022484408,05-06-2024,9524,6.420,2266
2022484408,05-07-2024,7937,5.330,2158
2022484408,05-08-2024,3672,2.460,1792
2022484408,05-09-2024,10378,6.960,2345
2022484408,05-10-2024,9487,6.370,2260
2022484408,05-11-2024,9129,6.130,2232
2022484408,05-12-2024,17,0.010,257
2022484408,04-12-2024,10122,7.780,2955
2022484408,4/13/2024,10993,8.450,3092
2022484408,4/14/2024,8863,6.820,2998
2022484408,4/15/2024,8758,6.730,3066
2022484408,4/16/2024,6580,5.060,3073
2022484408,4/17/2024,4660,3.580,2572
2022484408,4/18/2024,11009,9.100,3274
2022484408,4/19/2024,10181,7.830,3015
2022484408,4/20/2024,10553,8.120,3083
2022484408,4/21/2024,10055,7.730,3069
2022484408,4/22/2024,12139,9.340,3544
2022484408,4/23/2024,13236,10.180,3306
2022484408,4/24/2024,10243,7.880,2885
2022484408,4/25/2024,12961,9.970,3288
2022484408,4/26/2024,9461,7.280,2929
2022484408,4/27/2024,11193,8.610,3074
2022484408,4/28/2024,10074,7.750,2969
2022484408,4/29/2024,9232,7.100,2979
2022484408,4/30/2024,12533,9.640,3283
2022484408,05-01-2024,10255,7.890,2926
2022484408,05-02-2024,10096,8.400,3147
2022484408,05-03-2024,12727,9.790,3290
2022484408,05-04-2024,12375,9.520,3162
2022484408,05-05-2024,9603,7.380,2899
2022484408,05-06-2024,13175,10.130,3425
2022484408,05-07-2024,22770,17.540,4022
2022484408,05-08-2024,17298,14.380,3934
2022484408,05-09-2024,10218,7.860,3013
2022484408,05-10-2024,10299,7.920,3061
2022484408,05-11-2024,10201,7.840,2954
2022484408,05-12-2024,3369,2.590,1623
2022484408,04-12-2024,3276,2.200,2113
2022484408,4/13/2024,2961,1.990,2095
2022484408,4/14/2024,3974,2.670,2194
2022484408,4/15/2024,7198,4.830,2496
2022484408,4/16/2024,3945,2.650,2180
2022484408,4/17/2024,2268,1.520,1933
2022484408,4/18/2024,6155,4.240,2248
2022484408,4/19/2024,2064,1.390,1954
2022484408,4/20/2024,2072,1.390,1974
2022484408,4/21/2024,3809,2.560,2150
2022484408,4/22/2024,6831,4.580,2432
2022484408,4/23/2024,4363,2.930,2149
2022484408,4/24/2024,5002,3.360,2247
2022484408,4/25/2024,3385,2.270,2070
2022484408,4/26/2024,6326,4.410,2291
2022484408,4/27/2024,7243,5.030,2361
2022484408,4/28/2024,4493,3.010,2203
2022484408,4/29/2024,4676,3.140,2196
2022484408,4/30/2024,6222,4.180,2363
2022484408,05-01-2024,5232,3.510,2246
2022484408,05-02-2024,6910,4.750,2336
2022484408,05-03-2024,7502,5.180,2421
2022484408,05-04-2024,2923,1.960,2070
2022484408,05-05-2024,3800,2.550,2120
2022484408,05-06-2024,4514,3.030,2211
2022484408,05-07-2024,5183,3.590,2123
2022484408,05-08-2024,7303,4.900,2423
2022484408,05-09-2024,5275,3.540,2281
2022484408,05-10-2024,3915,2.630,2181
2022484408,05-11-2024,9105,6.110,2499
2022484408,05-12-2024,768,0.520,1212
2022484408,04-12-2024,5135,3.390,1909
2022484408,4/13/2024,4978,3.290,1722
2022484408,4/14/2024,6799,4.490,1922
2022484408,4/15/2024,7795,5.150,2121
2022484408,4/16/2024,7289,4.820,1997
2022484408,4/17/2024,9634,6.400,2117
2022484408,4/18/2024,8940,5.910,2116
2022484408,4/19/2024,5401,3.570,1876
2022484408,4/20/2024,4803,3.170,1788
2022484408,4/21/2024,13743,9.080,2486
2022484408,4/22/2024,9601,6.350,2094
2022484408,4/23/2024,6890,4.550,2085
2022484408,4/24/2024,8563,5.660,2173
2022484408,4/25/2024,8095,5.350,2225
2022484408,4/26/2024,9148,6.050,2223
2022484408,4/27/2024,9557,6.320,2098
2022484408,4/28/2024,9451,6.250,2185
2022484408,4/29/2024,7833,5.180,1918
2022484408,4/30/2024,10319,6.820,2105
2022484408,05-01-2024,3428,2.270,1692
2022484408,05-02-2024,7891,5.220,2066
2022484408,05-03-2024,5267,3.480,1953
2022484408,05-04-2024,5232,3.460,1842
2022484408,05-05-2024,10611,7.010,2262
2022484408,05-06-2024,3755,2.480,1722
2022484408,05-07-2024,8237,5.440,1973
2022484408,05-08-2024,6543,4.330,2666
2022484408,05-09-2024,11451,7.570,2223
2022484408,05-10-2024,6435,4.250,1889
2022484408,05-11-2024,9108,6.020,2131
2022484408,05-12-2024,6307,4.170,1452
2022484408,04-12-2024,7213,5.880,2947
2022484408,4/13/2024,6877,5.580,2898
2022484408,4/14/2024,7860,6.370,2984
2022484408,4/15/2024,6506,5.280,2896
2022484408,4/16/2024,11140,9.030,3328
2022484408,4/17/2024,12692,10.290,3394
2022484408,4/18/2024,9105,7.380,3013
2022484408,4/19/2024,6708,5.440,2812
2022484408,4/20/2024,8793,7.130,3061
2022484408,4/21/2024,6530,5.300,2729
2022484408,4/22/2024,1664,1.350,2241
2022484408,4/23/2024,15126,12.270,3691
2022484408,4/24/2024,15050,12.220,3538
2022484408,4/25/2024,9167,7.430,3064
2022484408,4/26/2024,6108,4.950,2784
2022484408,4/27/2024,7047,5.720,2908
2022484408,4/28/2024,9023,7.320,3033
2022484408,4/29/2024,9930,8.050,3165
2022484408,4/30/2024,10144,8.230,3115
2022484408,05-01-2024,0,0.000,2017
2022484408,05-02-2024,7245,5.920,2859
2022484408,05-03-2024,9454,7.670,3145
2022484408,05-04-2024,8161,6.620,3004
2022484408,05-05-2024,8614,6.990,3006
2022484408,05-06-2024,6943,5.630,2859
2022484408,05-07-2024,14370,11.650,3683
2022484408,05-08-2024,12857,10.430,3287
2022484408,05-09-2024,8232,6.680,2990
2022484408,05-10-2024,10613,8.610,3172
2022484408,05-11-2024,9810,7.960,3069
2022484408,05-12-2024,2752,2.230,1240
2022484408,04-12-2024,11596,7.570,2026
2022484408,4/13/2024,4832,3.160,1718
2022484408,4/14/2024,17022,11.120,2324
2022484408,4/15/2024,16556,10.860,2254
2022484408,4/16/2024,5771,3.770,1831
2022484408,4/17/2024,655,0.430,1397
2022484408,4/18/2024,3727,2.430,1683
2022484408,4/19/2024,15482,10.110,2284
2022484408,4/20/2024,2713,1.770,1570
2022484408,4/21/2024,12346,8.060,2066
2022484408,4/22/2024,11682,7.630,2105
2022484408,4/23/2024,4112,2.690,1776
2022484408,4/24/2024,1807,1.180,1507
2022484408,4/25/2024,10946,7.190,2033
2022484408,4/26/2024,11886,7.760,2093
2022484408,4/27/2024,10538,6.880,1922
2022484408,4/28/2024,11393,7.630,1999
2022484408,4/29/2024,12764,8.330,2169
2022484408,4/30/2024,1202,0.780,1463
2022484408,05-01-2024,5164,3.370,1747
2022484408,05-02-2024,9769,6.380,1996
2022484408,05-03-2024,12848,8.390,2116
2022484408,05-04-2024,4249,2.770,1698
2022484408,05-05-2024,14331,9.510,2156
2022484408,05-06-2024,9632,6.290,1916
2022484408,05-07-2024,1868,1.220,1494
2022484408,05-08-2024,6083,4.000,1762
2022484408,05-09-2024,11611,7.580,2272
2022484408,05-10-2024,16358,10.710,2335
2022484408,05-11-2024,4926,3.220,1693
2022484408,05-12-2024,3121,2.040,741
2022484408,04-12-2024,8135,6.080,3405
2022484408,4/13/2024,5077,3.790,2551
2022484408,4/14/2024,8596,6.420,4022
2022484408,4/15/2024,12087,9.080,4005
2022484408,4/16/2024,14269,10.660,4274
2022484408,4/17/2024,12231,9.140,4552
2022484408,4/18/2024,9893,7.390,3625
2022484408,4/19/2024,12574,9.420,3501
2022484408,4/20/2024,8330,6.220,3192
2022484408,4/21/2024,10830,8.090,4018
2022484408,4/22/2024,9172,6.850,3329
2022484408,4/23/2024,7638,5.710,3152
2022484408,4/24/2024,15764,11.780,4392
2022484408,4/25/2024,6393,4.780,3374
2022484408,4/26/2024,5325,3.980,3088
2022484408,4/27/2024,6805,5.140,3294
2022484408,4/28/2024,9841,7.430,3580
2022484408,4/29/2024,7924,5.920,3544
2022484408,4/30/2024,12363,9.240,4501
2022484408,05-01-2024,13368,9.990,4546
2022484408,05-02-2024,7439,5.560,3014
2022484408,05-03-2024,11045,8.250,3795
2022484408,05-04-2024,5206,3.890,2755
2022484408,05-05-2024,7550,5.640,3004
2022484408,05-06-2024,4950,3.700,2643
2022484408,05-07-2024,0,0.000,1819
2022484408,05-08-2024,0,0.000,1819
2022484408,05-09-2024,3421,2.560,2489
2022484408,05-10-2024,8869,6.650,3841
2022484408,05-11-2024,4038,3.040,1665
2022484408,04-12-2024,0,0.000,1496
2022484408,4/13/2024,0,0.000,1496
2022484408,4/14/2024,0,0.000,1496
2022484408,4/15/2024,14019,10.590,2865
2022484408,4/16/2024,14450,10.910,2828
2022484408,4/17/2024,7150,5.400,2225
2022484408,4/18/2024,5153,3.910,2018
2022484408,4/19/2024,11135,8.410,2606
2022484408,4/20/2024,10449,8.020,2536
2022484408,4/21/2024,19542,15.010,4900
2022484408,4/22/2024,8206,6.200,2409
2022484408,4/23/2024,11495,8.680,2651
2022484408,4/24/2024,7623,5.760,2305
2022484408,4/25/2024,0,0.000,1497
2022484408,4/26/2024,9543,7.210,2450
2022484408,4/27/2024,9411,7.110,2576
2022484408,4/28/2024,3403,2.600,1879
2022484408,4/29/2024,9592,7.240,2560
2022484408,4/30/2024,6987,5.280,2275
2022484408,05-01-2024,8915,6.730,2361
2022484408,05-02-2024,4933,3.730,2044
2022484408,05-03-2024,0,0.000,1496
2022484408,05-04-2024,2997,2.260,1902
2022484408,05-05-2024,9799,7.400,2636
2022484408,05-06-2024,3365,2.680,1838
2022484408,05-07-2024,7336,5.540,2469
2022484408,05-08-2024,7328,5.530,2250
2022484408,05-09-2024,4477,3.380,1248
2022484408,04-12-2024,4562,3.450,2560
2022484408,4/13/2024,7142,5.400,2905
2022484408,4/14/2024,7671,5.800,2952
2022484408,4/15/2024,9501,7.180,2896
2022484408,4/16/2024,8301,6.280,2783
2022484408,4/17/2024,7851,5.940,3171
2022484408,4/18/2024,6885,5.210,2766
2022484408,4/19/2024,7142,5.400,2839
2022484408,4/20/2024,6361,4.810,2701
2022484408,4/21/2024,0,0.000,2060
2022484408,4/22/2024,6238,4.720,2796
2022484408,4/23/2024,0,0.000,2664
2022484408,4/24/2024,5896,4.460,2703
2022484408,4/25/2024,7802,5.900,2771
2022484408,4/26/2024,0,0.000,2060
2022484408,4/27/2024,5565,4.210,2743
2022484408,4/28/2024,5731,4.330,2687
2022484408,4/29/2024,0,0.000,2060
2022484408,4/30/2024,6744,5.100,2843
2022484408,05-01-2024,9837,7.440,3327
2022484408,05-02-2024,6781,5.130,2725
2022484408,05-03-2024,6047,4.570,2671
2022484408,05-04-2024,5832,4.410,2718
2022484408,05-05-2024,6339,4.790,2682
2022484408,05-06-2024,6116,4.620,2806
2022484408,05-07-2024,5510,4.170,2613
2022484408,05-08-2024,7706,5.830,2712
2022484408,05-09-2024,6277,4.750,2175
2022484408,05-10-2024,0,0.000,0
2022484408,04-12-2024,0,0.000,1841
2022484408,4/13/2024,4053,2.910,2400
2022484408,4/14/2024,5162,3.700,2507
2022484408,4/15/2024,1282,0.920,2127
2022484408,4/16/2024,4732,3.390,2225
2022484408,4/17/2024,2497,1.790,2067
2022484408,4/18/2024,8294,5.950,2798
2022484408,4/19/2024,0,0.000,1841
2022484408,4/20/2024,10771,7.720,3727
2022484408,4/21/2024,0,0.000,1841
2022484408,4/22/2024,637,0.460,1922
2022484408,4/23/2024,0,0.000,1841
2022484408,4/24/2024,2153,1.540,2053
2022484408,4/25/2024,6474,4.640,2484
2022484408,4/26/2024,7091,5.270,2584
2022484408,4/27/2024,0,0.000,1841
2022484408,4/28/2024,703,0.500,1993
2022484408,4/29/2024,0,0.000,1841
2022484408,4/30/2024,2503,1.790,2280
2022484408,05-01-2024,2487,1.780,2319
2022484408,05-02-2024,0,0.000,1841
2022484408,05-03-2024,9,0.010,1843
2022484408,05-04-2024,0,0.000,1841
2022484408,05-05-2024,0,0.000,1841
2022484408,05-06-2024,4697,3.370,2496
2022484408,05-07-2024,1967,1.410,1032
2022484408,04-12-2024,10199,6.740,1994
2022484408,4/13/2024,5652,3.740,1718
2022484408,4/14/2024,1551,1.030,1466
2022484408,4/15/2024,5563,3.680,1756
2022484408,4/16/2024,13217,8.740,2173
2022484408,4/17/2024,10145,6.710,2027
2022484408,4/18/2024,11404,7.540,2039
2022484408,4/19/2024,10742,7.100,2046
2022484408,4/20/2024,13928,9.550,2174
2022484408,4/21/2024,11835,9.710,2179
2022484408,4/22/2024,10725,7.090,2086
2022484408,4/23/2024,20031,13.240,2571
2022484408,4/24/2024,5029,3.320,1705
2022484408,4/25/2024,13239,9.270,2194
2022484408,4/26/2024,10433,6.900,2012
2022484408,4/27/2024,10320,6.820,2034
2022484408,4/28/2024,12627,8.350,2182
2022484408,4/29/2024,10762,7.110,2254
2022484408,4/30/2024,10081,6.660,2002
2022484408,05-01-2024,5454,3.610,1740
2022484408,05-02-2024,12912,8.540,2162
2022484408,05-03-2024,12109,8.120,2072
2022484408,05-04-2024,10147,6.710,2086
2022484408,05-05-2024,10524,6.960,2066
2022484408,05-06-2024,5908,3.910,1850
2022484408,05-07-2024,6815,4.500,1947
2022484408,05-08-2024,4188,2.770,1659
2022484408,05-09-2024,12342,8.720,2105
2022484408,05-10-2024,15448,10.210,2361
2022484408,05-11-2024,6722,4.440,1855
2022484408,05-12-2024,3587,2.370,928
2022484408,04-12-2024,14172,10.290,2937
2022484408,4/13/2024,12862,9.650,2742
2022484408,4/14/2024,11179,8.240,2668
2022484408,4/15/2024,5273,3.530,2098
2022484408,4/16/2024,4631,3.100,2076
2022484408,4/17/2024,8059,5.390,2383
2022484408,4/18/2024,14816,10.980,2832
2022484408,4/19/2024,14194,10.480,2812
2022484408,4/20/2024,15566,11.310,3096
2022484408,4/21/2024,13744,9.190,2763
2022484408,4/22/2024,15299,10.240,2889
2022484408,4/23/2024,8093,5.410,2284
2022484408,4/24/2024,11085,7.420,2667
2022484408,4/25/2024,18229,13.340,3055
2022484408,4/26/2024,15090,10.100,2939
2022484408,4/27/2024,13541,10.220,2830
2022484408,4/28/2024,15128,10.120,2836
2022484408,4/29/2024,20067,14.300,3180
2022484408,4/30/2024,3761,2.520,2051
2022484408,05-01-2024,5600,3.750,2225
2022484408,05-02-2024,13041,9.180,2642
2022484408,05-03-2024,14510,10.870,2976
2022484408,05-04-2024,0,0.000,1557
2022484408,05-05-2024,15010,11.100,2933
2022484408,05-06-2024,11459,7.670,2553
2022484408,05-07-2024,0,0.000,120
2022484408,04-12-2024,11317,8.410,2772
2022484408,4/13/2024,5813,3.620,2516
2022484408,4/14/2024,9123,6.120,2734
2022484408,4/15/2024,8585,5.670,2395
2022484408,4/16/2024,31,0.010,1635
2022484408,4/17/2024,0,0.000,1629
2022484408,4/18/2024,9827,6.710,2743
2022484408,4/19/2024,10688,7.290,2944
2022484408,4/20/2024,14365,10.640,2997
2022484408,4/21/2024,9469,6.180,2463
2022484408,4/22/2024,9753,6.530,2846
2022484408,4/23/2024,2817,1.810,1965
2022484408,4/24/2024,3520,2.160,2049
2022484408,4/25/2024,10091,6.820,2752
2022484408,4/26/2024,10387,7.070,2781
2022484408,4/27/2024,11107,8.340,2693
2022484408,4/28/2024,11584,7.800,2862
2022484408,4/29/2024,7881,4.950,2616
2022484408,4/30/2024,14560,9.410,2995
2022484408,05-01-2024,12390,8.070,2730
2022484408,05-02-2024,10052,6.810,2754
2022484408,05-03-2024,10288,6.760,2754
2022484408,05-04-2024,10988,8.310,2655
2022484408,05-05-2024,8564,5.600,2386
2022484408,05-06-2024,12461,8.380,2924
2022484408,05-07-2024,12827,8.480,2739
2022484408,05-08-2024,10677,7.100,2534
2022484408,05-09-2024,13566,9.110,2960
2022484408,05-10-2024,14433,10.790,2800
2022484408,05-11-2024,9572,6.520,2735
2022484408,05-12-2024,3789,2.560,1199
2022484408,04-12-2024,18060,14.120,3186
2022484408,4/13/2024,16433,13.350,3140
2022484408,4/14/2024,20159,15.970,3411
2022484408,4/15/2024,20669,16.240,3410
2022484408,4/16/2024,14549,11.110,2867
2022484408,4/17/2024,18827,13.690,3213
2022484408,4/18/2024,17076,12.660,3133
2022484408,4/19/2024,15929,12.480,3114
2022484408,4/20/2024,15108,12.190,3043
2022484408,4/21/2024,16057,12.510,3103
2022484408,4/22/2024,10520,8.290,2655
2022484408,4/23/2024,22359,17.190,3554
2022484408,4/24/2024,22988,17.950,3577
2022484408,4/25/2024,20500,15.690,3403
2022484408,4/26/2024,12685,9.620,2846
2022484408,4/27/2024,12422,9.820,2852
2022484408,4/28/2024,15447,12.400,3062
2022484408,4/29/2024,12315,9.650,2794
2022484408,4/30/2024,7135,5.590,2408
2022484408,05-01-2024,1170,0.850,1886
2022484408,05-02-2024,1969,1.430,1988
2022484408,05-03-2024,15484,11.900,3023
2022484408,05-04-2024,14581,11.150,2918
2022484408,05-05-2024,14990,11.510,2950
2022484408,05-06-2024,13953,11.000,2859
2022484408,05-07-2024,19769,15.670,3331
2022484408,05-08-2024,22026,17.650,3589
2022484408,05-09-2024,12465,9.380,2765
2022484408,05-10-2024,14810,11.360,2926
2022484408,05-11-2024,12209,9.400,2809
2022484408,05-12-2024,4998,3.910,1505
2022484408,04-12-2024,9033,7.160,2044
2022484408,4/13/2024,8053,6.100,1935
2022484408,4/14/2024,5234,3.460,1705
2022484408,4/15/2024,2672,1.770,1632
2022484408,4/16/2024,9256,6.140,1880
2022484408,4/17/2024,10204,7.910,2112
2022484408,4/18/2024,5151,3.480,1829
2022484408,4/19/2024,4212,2.780,1763
2022484408,4/20/2024,6466,4.270,1931
2022484408,4/21/2024,11268,8.560,2218
2022484408,4/22/2024,2824,1.870,1651
2022484408,4/23/2024,9282,6.260,2132
2022484408,4/24/2024,8905,7.130,1976
2022484408,4/25/2024,6829,4.510,1909
2022484408,4/26/2024,4562,3.040,1813
2022484408,4/27/2024,10232,8.180,2008
2022484408,4/28/2024,2718,1.800,1580
2022484408,4/29/2024,6260,4.260,1854
2022484408,4/30/2024,0,0.000,0
2022484408,04-12-2024,7626,6.050,3635
2022484408,4/13/2024,12386,9.820,4079
2022484408,4/14/2024,13318,10.560,4163
2022484408,4/15/2024,14461,11.470,3666
2022484408,4/16/2024,11207,8.890,3363
2022484408,4/17/2024,2132,1.690,2572
2022484408,4/18/2024,13630,10.810,4157
2022484408,4/19/2024,13070,10.360,4092
2022484408,4/20/2024,9388,7.440,3787
2022484408,4/21/2024,15148,12.010,4236
2022484408,4/22/2024,12200,9.670,4044
2022484408,4/23/2024,5709,4.530,2908
2022484408,4/24/2024,3703,2.940,2741
2022484408,4/25/2024,12405,9.840,4005
2022484408,4/26/2024,16208,12.850,3763
2022484408,4/27/2024,7359,5.840,3061
2022484408,4/28/2024,5417,4.300,2884
2022484408,4/29/2024,6175,4.900,2982
2022484408,4/30/2024,2946,2.340,2660
2022484408,05-01-2024,11419,9.060,3369
2022484408,05-02-2024,6064,4.810,3491
2022484408,05-03-2024,8712,6.910,3784
2022484408,05-04-2024,7875,6.240,3110
2022484408,05-05-2024,8567,6.790,3783
2022484408,05-06-2024,7045,5.590,3644
2022484408,05-07-2024,4468,3.540,2799
2022484408,05-08-2024,2943,2.330,2685
2022484408,05-09-2024,8382,6.650,3721
2022484408,05-10-2024,6582,5.220,3586
2022484408,05-11-2024,9143,7.250,3788
2022484408,05-12-2024,4561,3.620,1976
2022484408,04-12-2024,5014,3.910,2650
2022484408,4/13/2024,5571,4.350,2654
2022484408,4/14/2024,3135,2.450,2443
2022484408,4/15/2024,3430,2.680,2505
2022484408,4/16/2024,5319,4.150,2693
2022484408,4/17/2024,3008,2.350,2439
2022484408,4/18/2024,3864,3.010,2536
2022484408,4/19/2024,5697,4.440,2668
2022484408,4/20/2024,5273,4.110,2647
2022484408,4/21/2024,8538,6.660,2883
2022484408,4/22/2024,8687,6.780,2944
2022484408,4/23/2024,9423,7.350,3012
2022484408,4/24/2024,8286,6.460,2889
2022484408,4/25/2024,4503,3.510,2547
2022484408,4/26/2024,10499,8.190,3093
2022484408,4/27/2024,12474,9.730,3142
2022484408,4/28/2024,6174,4.820,2757
2022484408,4/29/2024,15168,11.830,3513
2022484408,4/30/2024,10085,7.870,3164
2022484408,05-01-2024,4512,3.520,2596
2022484408,05-02-2024,8469,6.610,2894
2022484408,05-03-2024,12015,9.370,3212
2022484408,05-04-2024,3588,2.800,2516
2022484408,05-05-2024,12427,9.690,3266
2022484408,05-06-2024,5843,4.560,2683
2022484408,05-07-2024,6117,4.770,2810
2022484408,05-08-2024,9217,7.190,2940
2022484408,05-09-2024,9877,7.700,2947
2022484408,05-10-2024,8240,6.430,2846
2022484408,05-11-2024,8701,6.790,2804
2022484408,05-12-2024,0,0.000,0
2022484408,04-12-2024,2564,1.640,2044
2022484408,4/13/2024,1320,0.840,1934
2022484408,4/14/2024,1219,0.780,1963
2022484408,4/15/2024,2483,1.590,2009
2022484408,4/16/2024,244,0.160,1721
2022484408,4/17/2024,0,0.000,1688
2022484408,4/18/2024,0,0.000,1688
2022484408,4/19/2024,0,0.000,1688
2022484408,4/20/2024,3147,2.010,2188
2022484408,4/21/2024,144,0.090,1720
2022484408,4/22/2024,4068,2.600,2419
2022484408,4/23/2024,5245,3.360,2748
2022484408,4/24/2024,400,0.260,1799
2022484408,4/25/2024,0,0.000,1688
2022484408,4/26/2024,1321,0.850,1928
2022484408,4/27/2024,1758,1.130,2067
2022484408,4/28/2024,6157,3.940,2780
2022484408,4/29/2024,8360,5.350,3101
2022484408,4/30/2024,7174,4.590,2896
2022484408,05-01-2024,1619,1.040,1962
2022484408,05-02-2024,1831,1.170,2015
2022484408,05-03-2024,2421,1.550,2297
2022484408,05-04-2024,2283,1.460,2067
2022484408,05-05-2024,0,0.000,1688
2022484408,05-06-2024,0,0.000,1688
2022484408,05-07-2024,0,0.000,1688
2022484408,05-08-2024,0,0.000,1688
2022484408,05-09-2024,0,0.000,1688
2022484408,05-10-2024,0,0.000,57
2022484408,04-12-2024,23186,20.400,3921
2022484408,4/13/2024,15337,9.580,3566
2022484408,4/14/2024,21129,18.980,3793
2022484408,4/15/2024,13422,7.170,3934
2022484408,4/16/2024,29326,25.290,4547
2022484408,4/17/2024,15118,8.870,3545
2022484408,4/18/2024,11423,8.670,2761
2022484408,4/19/2024,18785,17.400,3676
2022484408,4/20/2024,19948,18.110,3679
2022484408,4/21/2024,19377,17.620,3659
2022484408,4/22/2024,18258,16.310,3427
2022484408,4/23/2024,11200,7.430,3891
2022484408,4/24/2024,16674,15.740,3455
2022484408,4/25/2024,12986,8.740,3802
2022484408,4/26/2024,11101,8.430,2860
2022484408,4/27/2024,23629,20.650,3808
2022484408,4/28/2024,14890,11.300,3060
2022484408,4/29/2024,9733,7.390,2698
2022484408,4/30/2024,27745,26.720,4398
2022484408,05-01-2024,10930,8.320,2786
2022484408,05-02-2024,4790,3.640,2189
2022484408,05-03-2024,10818,8.210,2817
2022484408,05-04-2024,18193,16.300,3477
2022484408,05-05-2024,14055,10.670,3052
2022484408,05-06-2024,21727,19.340,4015
2022484408,05-07-2024,12332,8.130,4142
2022484408,05-08-2024,10686,8.110,2847
2022484408,05-09-2024,20226,18.250,3710
2022484408,05-10-2024,10733,8.150,2832
2022484408,05-11-2024,21420,19.560,3832
2022484408,05-12-2024,8064,6.120,1849
